CF509,SHFE,一号棉花509,CF509,CF,1,2015,9,500,1,500,1,5,5.000000,20140829,20140916,20150914,20150915,20150916,1,1,2,1,0.450000,0.450000,CF511,SHFE,一号棉花511,CF511,CF,1,2015,11,500,1,500,1,5,5.000000,20141031,20141117,20151113,20151116,20151117,1,1,2,1,0.350000,0.350000,CF601,SHFE,一号棉花601,CF601,CF,1,2016,1,500,1,500,1,5,5.000000,20141231,20150119,20160114,20160115,20160118,1,1,2,1,0.350000,0.350000,CF603,SHFE,一号棉花603,CF603,CF,1,2016,3,500,1,500,1,5,5.000000,20150227,20150316,20160314,20160315,20160316,1,1,2,1,0.350000,0.350000,CF605,SHFE,一号棉花605,CF605,CF,1,2016,5,500,1,500,1,5,5.000000,20150430,20150518,20160513,20160516,20160517,1,1,2,1,0.350000,0.350000,CF607,SHFE,一号棉花607,CF607,CF,1,2016,7,500,1,500,1,5,5.000000,20150630,20150715,20160714,20160715,20160718,1,1,2,1,0.350000,0.350000,FG508,SHFE,玻璃508,FG508,FG_f,1,2015,8,500,1,500,1,20,1.000000,20140731,20140815,20150814,20150817,20150818,1,1,2,1,0.000000,0.000000,
FG509,SHFE,玻璃509,FG509,FG,1,2015,9,500,1,500,1,20,1.000000,20140829,20140916,20150914,20150915,20150916,1,1,2,2,179769313486231570000000000000000000000000000000000000000000000000000000000000000000000000000000000000000000000000000000000000000000000000000000000000000000000000000000000000000000000000000000000000000000000000000000000000000000000000000000000000000000000000000000000000000000000000000000000000000000000000000.000000,179769313486231570000000000000000000000000000000000000000000000000000000000000000000000000000000000000000000000000000000000000000000000000000000000000000000000000000000000000000000000000000000000000000000000000000000000000000000000000000000000000000000000000000000000000000000000000000000000000000000000000000.000000,FG510,SHFE,玻璃510,FG510,FG,1,2015,10,500,1,500,1,20,1.000000,20140930,20141022,20151021,20151022,20151023,1,1,2,2,179769313486231570000000000000000000000000000000000000000000000000000000000000000000000000000000000000000000000000000000000000000000000000000000000000000000000000000000000000000000000000000000000000000000000000000000000000000000000000000000000000000000000000000000000000000000000000000000000000000000000000000.000000,179769313486231570000000000000000000000000000000000000000000000000000000000000000000000000000000000000000000000000000000000000000000000000000000000000000000000000000000000000000000000000000000000000000000000000000000000000000000000000000000000000000000000000000000000000000000000000000000000000000000000000000.000000,FG511,SHFE,玻璃511,FG511,FG,1,2015,11,500,1,500,1,20,1.000000,20141031,20141117,20151113,20151116,20151117,1,1,2,2,179769313486231570000000000000000000000000000000000000000000000000000000000000000000000000000000000000000000000000000000000000000000000000000000000000000000000000000000000000000000000000000000000000000000000000000000000000000000000000000000000000000000000000000000000000000000000000000000000000000000000000000.000000,179769313486231570000000000000000000000000000000000000000000000000000000000000000000000000000000000000000000000000000000000000000000000000000000000000000000000000000000000000000000000000000000000000000000000000000000000000000000000000000000000000000000000000000000000000000000000000000000000000000000000000000.000000,
FG512,SHFE,玻璃512,FG512,FG,1,2015,12,500,1,500,1,20,1.000000,20141128,20141215,20151214,20151215,20151216,1,1,2,2,179769313486231570000000000000000000000000000000000000000000000000000000000000000000000000000000000000000000000000000000000000000000000000000000000000000000000000000000000000000000000000000000000000000000000000000000000000000000000000000000000000000000000000000000000000000000000000000000000000000000000000000.000000,179769313486231570000000000000000000000000000000000000000000000000000000000000000000000000000000000000000000000000000000000000000000000000000000000000000000000000000000000000000000000000000000000000000000000000000000000000000000000000000000000000000000000000000000000000000000000000000000000000000000000000000.000000,FG601,SHFE,玻璃601,FG601,FG,1,2016,1,500,1,500,1,20,1.000000,20141231,20150119,20160114,20160115,20160118,1,1,2,2,179769313486231570000000000000000000000000000000000000000000000000000000000000000000000000000000000000000000000000000000000000000000000000000000000000000000000000000000000000000000000000000000000000000000000000000000000000000000000000000000000000000000000000000000000000000000000000000000000000000000000000000.000000,179769313486231570000000000000000000000000000000000000000000000000000000000000000000000000000000000000000000000000000000000000000000000000000000000000000000000000000000000000000000000000000000000000000000000000000000000000000000000000000000000000000000000000000000000000000000000000000000000000000000000000000.000000,FG602,SHFE,玻璃602,FG602,FG,1,2016,2,500,1,500,1,20,1.000000,20150130,20150216,20160212,20160215,20160216,1,1,2,2,179769313486231570000000000000000000000000000000000000000000000000000000000000000000000000000000000000000000000000000000000000000000000000000000000000000000000000000000000000000000000000000000000000000000000000000000000000000000000000000000000000000000000000000000000000000000000000000000000000000000000000000.000000,179769313486231570000000000000000000000000000000000000000000000000000000000000000000000000000000000000000000000000000000000000000000000000000000000000000000000000000000000000000000000000000000000000000000000000000000000000000000000000000000000000000000000000000000000000000000000000000000000000000000000000000.000000,FG603,SHFE,玻璃603,FG603,FG,1,2016,3,500,1,500,1,20,1.000000,20150227,20150316,20160314,20160315,20160316,1,1,2,2,179769313486231570000000000000000000000000000000000000000000000000000000000000000000000000000000000000000000000000000000000000000000000000000000000000000000000000000000000000000000000000000000000000000000000000000000000000000000000000000000000000000000000000000000000000000000000000000000000000000000000000000.000000,179769313486231570000000000000000000000000000000000000000000000000000000000000000000000000000000000000000000000000000000000000000000000000000000000000000000000000000000000000000000000000000000000000000000000000000000000000000000000000000000000000000000000000000000000000000000000000000000000000000000000000000.000000,FG604,SHFE,玻璃604,FG604,FG,1,2016,4,500,1,500,1,20,1.000000,20150331,20150416,20160414,20160415,20160418,1,1,2,2,179769313486231570000000000000000000000000000000000000000000000000000000000000000000000000000000000000000000000000000000000000000000000000000000000000000000000000000000000000000000000000000000000000000000000000000000000000000000000000000000000000000000000000000000000000000000000000000000000000000000000000000.000000,179769313486231570000000000000000000000000000000000000000000000000000000000000000000000000000000000000000000000000000000000000000000000000000000000000000000000000000000000000000000000000000000000000000000000000000000000000000000000000000000000000000000000000000000000000000000000000000000000000000000000000000.000000,FG605,SHFE,玻璃605,FG605,FG,1,2016,5,500,1,500,1,20,1.000000,20150430,20150518,20160513,20160516,20160517,1,1,2,2,179769313486231570000000000000000000000000000000000000000000000000000000000000000000000000000000000000000000000000000000000000000000000000000000000000000000000000000000000000000000000000000000000000000000000000000000000000000000000000000000000000000000000000000000000000000000000000000000000000000000000000000.000000,179769313486231570000000000000000000000000000000000000000000000000000000000000000000000000000000000000000000000000000000000000000000000000000000000000000000000000000000000000000000000000000000000000000000000000000000000000000000000000000000000000000000000000000000000000000000000000000000000000000000000000000.000000,FG606,SHFE,玻璃606,FG606,FG,1,2016,6,500,1,500,1,20,1.000000,20150529,20150615,20160614,20160615,20160616,1,1,2,2,179769313486231570000000000000000000000000000000000000000000000000000000000000000000000000000000000000000000000000000000000000000000000000000000000000000000000000000000000000000000000000000000000000000000000000000000000000000000000000000000000000000000000000000000000000000000000000000000000000000000000000000.000000,179769313486231570000000000000000000000000000000000000000000000000000000000000000000000000000000000000000000000000000000000000000000000000000000000000000000000000000000000000000000000000000000000000000000000000000000000000000000000000000000000000000000000000000000000000000000000000000000000000000000000000000.000000,FG607,SHFE,玻璃607,FG607,FG,1,2016,7,500,1,500,1,20,1.000000,20150630,20150715,20160714,20160715,20160718,1,1,2,2,179769313486231570000000000000000000000000000000000000000000000000000000000000000000000000000000000000000000000000000000000000000000000000000000000000000000000000000000000000000000000000000000000000000000000000000000000000000000000000000000000000000000000000000000000000000000000000000000000000000000000000000.000000,179769313486231570000000000000000000000000000000000000000000000000000000000000000000000000000000000000000000000000000000000000000000000000000000000000000000000000000000000000000000000000000000000000000000000000000000000000000000000000000000000000000000000000000000000000000000000000000000000000000000000000000.000000,FG608,SHFE,玻璃608,FG608,FG,1,2016,8,500,1,500,1,20,1.000000,20150731,20150817,20160812,20160815,20160816,1,1,2,2,179769313486231570000000000000000000000000000000000000000000000000000000000000000000000000000000000000000000000000000000000000000000000000000000000000000000000000000000000000000000000000000000000000000000000000000000000000000000000000000000000000000000000000000000000000000000000000000000000000000000000000000.000000,179769313486231570000000000000000000000000000000000000000000000000000000000000000000000000000000000000000000000000000000000000000000000000000000000000000000000000000000000000000000000000000000000000000000000000000000000000000000000000000000000000000000000000000000000000000000000000000000000000000000000000000.000000,IC1508,SHFE,中正50股指1508,IC1508,IC_f,1,2015,8,500,1,500,1,300,0.200000,20150529,20150623,20150821,20150821,20150821,1,1,2,1,0.000000,0.000000,IC1509,SHFE,中正50股指1509,IC1509,IC,1,2015,9,500,1,500,1,300,0.200000,20150804,20150804,20150918,20150918,20150918,1,1,2,1,179769313486231570000000000000000000000000000000000000000000000000000000000000000000000000000000000000000000000000000000000000000000000000000000000000000000000000000000000000000000000000000000000000000000000000000000000000000000000000000000000000000000000000000000000000000000000000000000000000000000000000000.000000,179769313486231570000000000000000000000000000000000000000000000000000000000000000000000000000000000000000000000000000000000000000000000000000000000000000000000000000000000000000000000000000000000000000000000000000000000000000000000000000000000000000000000000000000000000000000000000000000000000000000000000000.000000,IC1510,SHFE,中正50股指1510,IC1510,IC,1,2015,10,500,1,500,1,300,0.200000,20150731,20150824,20151016,20151016,20151016,1,1,2,1,179769313486231570000000000000000000000000000000000000000000000000000000000000000000000000000000000000000000000000000000000000000000000000000000000000000000000000000000000000000000000000000000000000000000000000000000000000000000000000000000000000000000000000000000000000000000000000000000000000000000000000000.000000,179769313486231570000000000000000000000000000000000000000000000000000000000000000000000000000000000000000000000000000000000000000000000000000000000000000000000000000000000000000000000000000000000000000000000000000000000000000000000000000000000000000000000000000000000000000000000000000000000000000000000000000.000000,IC1512,SHFE,中证500期货1512,IC1512,IC,1,2015,12,200,1,100,1,200,0.200000,20150410,20150416,20151218,20151218,20151218,1,1,2,2,179769313486231570000000000000000000000000000000000000000000000000000000000000000000000000000000000000000000000000000000000000000000000000000000000000000000000000000000000000000000000000000000000000000000000000000000000000000000000000000000000000000000000000000000000000000000000000000000000000000000000000000.000000,179769313486231570000000000000000000000000000000000000000000000000000000000000000000000000000000000000000000000000000000000000000000000000000000000000000000000000000000000000000000000000000000000000000000000000000000000000000000000000000000000000000000000000000000000000000000000000000000000000000000000000000.000000,IC1603,SHFE,中正50股指1603,IC1603,IC,1,2016,3,500,1,500,1,300,0.200000,20150630,20150720,20160318,20160318,20160318,1,1,2,1,179769313486231570000000000000000000000000000000000000000000000000000000000000000000000000000000000000000000000000000000000000000000000000000000000000000000000000000000000000000000000000000000000000000000000000000000000000000000000000000000000000000000000000000000000000000000000000000000000000000000000000000.000000,179769313486231570000000000000000000000000000000000000000000000000000000000000000000000000000000000000000000000000000000000000000000000000000000000000000000000000000000000000000000000000000000000000000000000000000000000000000000000000000000000000000000000000000000000000000000000000000000000000000000000000000.000000,
IF1508,SHFE,IF1508,IF1508,IF_f,1,2015,8,500,1,500,1,300,0.200000,20150529,20150623,20150821,20150821,20150821,1,1,2,1,0.000000,0.000000,IF1509,SHFE,IF1509,IF1509,IF,1,2015,9,500,1,500,1,300,0.200000,20141231,20150119,20150918,20150918,20150918,1,1,2,1,0.100000,0.110000,IF1510,SHFE,IF1510,IF1510,IF,1,2015,10,500,1,500,1,300,0.200000,20150731,20150824,20151016,20151016,20151016,1,1,2,1,0.100000,0.110000,IF1512,SHFE,IF1512,IF1512,IF,1,2015,12,500,1,500,1,300,0.200000,20150331,20150420,20151218,20151218,20151218,1,1,2,1,0.100000,0.110000,
IF1603,SHFE,IF1603,IF1603,IF,1,2016,3,500,1,500,1,300,0.200000,20150630,20150720,20160318,20160318,20160318,1,1,2,1,0.100000,0.110000,IH1508,SHFE,上证50股指1508,IH1508,IH_f,1,2015,8,500,1,500,1,300,0.200000,20150529,20150623,20150821,20150821,20150821,1,1,2,1,0.000000,0.000000,IH1509,SHFE,上证50期货1509,IH1509,IH,1,2015,9,500,1,100,1,300,0.200000,20150116,20150119,20150918,20150918,20150918,1,1,2,2,179769313486231570000000000000000000000000000000000000000000000000000000000000000000000000000000000000000000000000000000000000000000000000000000000000000000000000000000000000000000000000000000000000000000000000000000000000000000000000000000000000000000000000000000000000000000000000000000000000000000000000000.000000,179769313486231570000000000000000000000000000000000000000000000000000000000000000000000000000000000000000000000000000000000000000000000000000000000000000000000000000000000000000000000000000000000000000000000000000000000000000000000000000000000000000000000000000000000000000000000000000000000000000000000000000.000000,IH1510,SHFE,上证50股指1510,IH1510,IH,1,2015,10,500,1,500,1,300,0.200000,20150731,20150824,20151016,20151016,20151016,1,1,2,1,179769313486231570000000000000000000000000000000000000000000000000000000000000000000000000000000000000000000000000000000000000000000000000000000000000000000000000000000000000000000000000000000000000000000000000000000000000000000000000000000000000000000000000000000000000000000000000000000000000000000000000000.000000,179769313486231570000000000000000000000000000000000000000000000000000000000000000000000000000000000000000000000000000000000000000000000000000000000000000000000000000000000000000000000000000000000000000000000000000000000000000000000000000000000000000000000000000000000000000000000000000000000000000000000000000.000000,IH1512,SHFE,上证50期货1512,IH1512,IH,1,2015,12,500,1,100,1,300,0.200000,20150410,20150416,20151218,20151218,20151218,1,1,2,2,179769313486231570000000000000000000000000000000000000000000000000000000000000000000000000000000000000000000000000000000000000000000000000000000000000000000000000000000000000000000000000000000000000000000000000000000000000000000000000000000000000000000000000000000000000000000000000000000000000000000000000000.000000,179769313486231570000000000000000000000000000000000000000000000000000000000000000000000000000000000000000000000000000000000000000000000000000000000000000000000000000000000000000000000000000000000000000000000000000000000000000000000000000000000000000000000000000000000000000000000000000000000000000000000000000.000000,IH1603,SHFE,上证50股指1603,IH1603,IH,1,2016,3,500,1,500,1,300,0.200000,20150630,20150720,20160318,20160318,20160318,1,1,2,1,179769313486231570000000000000000000000000000000000000000000000000000000000000000000000000000000000000000000000000000000000000000000000000000000000000000000000000000000000000000000000000000000000000000000000000000000000000000000000000000000000000000000000000000000000000000000000000000000000000000000000000000.000000,179769313486231570000000000000000000000000000000000000000000000000000000000000000000000000000000000000000000000000000000000000000000000000000000000000000000000000000000000000000000000000000000000000000000000000000000000000000000000000000000000000000000000000000000000000000000000000000000000000000000000000000.000000,ME604,SHFE,甲醇604,ME604,ME_f,1,2016,4,500,1,500,1,50,1.000000,20150331,20150416,20160414,20160415,20160418,1,1,2,1,0.000000,0.000000,ME605,SHFE,甲醇605,ME605,ME_f,1,2016,5,500,1,500,1,50,1.000000,20150430,20150518,20160513,20160516,20160517,1,1,2,1,0.000000,0.000000,
ME606,SHFE,甲醇606,ME606,ME_f,1,2016,6,500,1,500,1,50,1.000000,20150529,20150615,20160614,20160615,20160616,1,1,2,1,0.000000,0.000000,ME607,SHFE,甲醇607,ME607,ME_f,1,2016,7,500,1,500,1,50,1.000000,20150630,20150715,20160714,20160715,20160718,1,1,2,1,0.000000,0.000000,ME608,SHFE,甲醇608,ME608,ME,1,2016,8,500,1,500,1,50,1.000000,20150731,20150817,20160812,20160815,20160816,1,1,2,2,0.080000,0.080000,OI509,SHFE,菜籽油509,OI509,OI,1,2015,9,500,1,500,1,10,2.000000,20140829,20140916,20150914,20150915,20150916,1,1,2,2,0.150000,0.150000,OI511,SHFE,菜籽油511,OI511,OI,1,2015,11,500,1,500,1,10,2.000000,20141031,20141117,20151113,20151116,20151117,1,1,2,2,0.080000,0.080000,OI601,SHFE,菜籽油601,OI601,OI,1,2016,1,500,1,500,1,10,2.000000,20141231,20150119,20160114,20160115,20160118,1,1,2,2,0.080000,0.080000,OI603,SHFE,菜籽油603,OI603,OI,1,2016,3,500,1,500,1,10,2.000000,20150227,20150316,20160314,20160315,20160316,1,1,2,2,0.080000,0.080000,OI605,SHFE,菜籽油605,OI605,OI,1,2016,5,500,1,500,1,10,2.000000,20150430,20150518,20160513,20160516,20160517,1,1,2,2,0.080000,0.080000,OI607,SHFE,菜籽油607,OI607,OI,1,2016,7,500,1,500,1,10,2.000000,20150630,20150715,20160714,20160715,20160718,1,1,2,2,0.080000,0.080000,PM509,SHFE,普通小麦509,PM509,PM,1,2015,9,200,1,1000,1,50,1.000000,20140829,20140923,20150914,20150915,20150916,1,1,2,2,179769313486231570000000000000000000000000000000000000000000000000000000000000000000000000000000000000000000000000000000000000000000000000000000000000000000000000000000000000000000000000000000000000000000000000000000000000000000000000000000000000000000000000000000000000000000000000000000000000000000000000000.000000,179769313486231570000000000000000000000000000000000000000000000000000000000000000000000000000000000000000000000000000000000000000000000000000000000000000000000000000000000000000000000000000000000000000000000000000000000000000000000000000000000000000000000000000000000000000000000000000000000000000000000000000.000000,
PM511,SHFE,普通小麦511,PM511,PM,1,2015,11,200,1,1000,1,50,1.000000,20141031,20141121,20151113,20151116,20151117,1,1,2,2,179769313486231570000000000000000000000000000000000000000000000000000000000000000000000000000000000000000000000000000000000000000000000000000000000000000000000000000000000000000000000000000000000000000000000000000000000000000000000000000000000000000000000000000000000000000000000000000000000000000000000000000.000000,179769313486231570000000000000000000000000000000000000000000000000000000000000000000000000000000000000000000000000000000000000000000000000000000000000000000000000000000000000000000000000000000000000000000000000000000000000000000000000000000000000000000000000000000000000000000000000000000000000000000000000000.000000,PM601,SHFE,普通小麦601,PM601,PM,1,2016,1,200,1,1000,1,50,1.000000,20141231,20150123,20160114,20160115,20160118,1,1,2,2,179769313486231570000000000000000000000000000000000000000000000000000000000000000000000000000000000000000000000000000000000000000000000000000000000000000000000000000000000000000000000000000000000000000000000000000000000000000000000000000000000000000000000000000000000000000000000000000000000000000000000000000.000000,179769313486231570000000000000000000000000000000000000000000000000000000000000000000000000000000000000000000000000000000000000000000000000000000000000000000000000000000000000000000000000000000000000000000000000000000000000000000000000000000000000000000000000000000000000000000000000000000000000000000000000000.000000,
PM603,SHFE,普通小麦603,PM603,PM,1,2016,3,200,1,1000,1,50,1.000000,20150227,20150324,20160314,20160315,20160316,1,1,2,2,179769313486231570000000000000000000000000000000000000000000000000000000000000000000000000000000000000000000000000000000000000000000000000000000000000000000000000000000000000000000000000000000000000000000000000000000000000000000000000000000000000000000000000000000000000000000000000000000000000000000000000000.000000,179769313486231570000000000000000000000000000000000000000000000000000000000000000000000000000000000000000000000000000000000000000000000000000000000000000000000000000000000000000000000000000000000000000000000000000000000000000000000000000000000000000000000000000000000000000000000000000000000000000000000000000.000000,PM605,SHFE,普通小麦605,PM605,PM,1,2016,5,200,1,1000,1,50,1.000000,20150430,20150522,20160513,20160516,20160517,1,1,2,2,179769313486231570000000000000000000000000000000000000000000000000000000000000000000000000000000000000000000000000000000000000000000000000000000000000000000000000000000000000000000000000000000000000000000000000000000000000000000000000000000000000000000000000000000000000000000000000000000000000000000000000000.000000,179769313486231570000000000000000000000000000000000000000000000000000000000000000000000000000000000000000000000000000000000000000000000000000000000000000000000000000000000000000000000000000000000000000000000000000000000000000000000000000000000000000000000000000000000000000000000000000000000000000000000000000.000000,
PM607,SHFE,普通小麦607,PM607,PM,1,2016,7,200,1,1000,1,50,1.000000,20150630,20150724,20160714,20160715,20160718,1,1,2,2,179769313486231570000000000000000000000000000000000000000000000000000000000000000000000000000000000000000000000000000000000000000000000000000000000000000000000000000000000000000000000000000000000000000000000000000000000000000000000000000000000000000000000000000000000000000000000000000000000000000000000000000.000000,179769313486231570000000000000000000000000000000000000000000000000000000000000000000000000000000000000000000000000000000000000000000000000000000000000000000000000000000000000000000000000000000000000000000000000000000000000000000000000000000000000000000000000000000000000000000000000000000000000000000000000000.000000,RI509,SHFE,早籼稻509,RI509,RI,1,2015,9,500,1,500,1,20,1.000000,20140829,20140923,20150914,20150915,20150916,1,1,2,2,179769313486231570000000000000000000000000000000000000000000000000000000000000000000000000000000000000000000000000000000000000000000000000000000000000000000000000000000000000000000000000000000000000000000000000000000000000000000000000000000000000000000000000000000000000000000000000000000000000000000000000000.000000,179769313486231570000000000000000000000000000000000000000000000000000000000000000000000000000000000000000000000000000000000000000000000000000000000000000000000000000000000000000000000000000000000000000000000000000000000000000000000000000000000000000000000000000000000000000000000000000000000000000000000000000.000000,RI511,SHFE,早籼稻511,RI511,RI,1,2015,11,500,1,500,1,20,1.000000,20141031,20141121,20151113,20151116,20151117,1,1,2,2,179769313486231570000000000000000000000000000000000000000000000000000000000000000000000000000000000000000000000000000000000000000000000000000000000000000000000000000000000000000000000000000000000000000000000000000000000000000000000000000000000000000000000000000000000000000000000000000000000000000000000000000.000000,179769313486231570000000000000000000000000000000000000000000000000000000000000000000000000000000000000000000000000000000000000000000000000000000000000000000000000000000000000000000000000000000000000000000000000000000000000000000000000000000000000000000000000000000000000000000000000000000000000000000000000000.000000,RI601,SHFE,早籼稻601,RI601,RI,1,2016,1,500,1,500,1,20,1.000000,20141231,20150123,20160114,20160115,20160118,1,1,2,2,179769313486231570000000000000000000000000000000000000000000000000000000000000000000000000000000000000000000000000000000000000000000000000000000000000000000000000000000000000000000000000000000000000000000000000000000000000000000000000000000000000000000000000000000000000000000000000000000000000000000000000000.000000,179769313486231570000000000000000000000000000000000000000000000000000000000000000000000000000000000000000000000000000000000000000000000000000000000000000000000000000000000000000000000000000000000000000000000000000000000000000000000000000000000000000000000000000000000000000000000000000000000000000000000000000.000000,RI603,SHFE,早籼稻603,RI603,RI,1,2016,3,500,1,500,1,20,1.000000,20150227,20150324,20160314,20160315,20160316,1,1,2,2,179769313486231570000000000000000000000000000000000000000000000000000000000000000000000000000000000000000000000000000000000000000000000000000000000000000000000000000000000000000000000000000000000000000000000000000000000000000000000000000000000000000000000000000000000000000000000000000000000000000000000000000.000000,179769313486231570000000000000000000000000000000000000000000000000000000000000000000000000000000000000000000000000000000000000000000000000000000000000000000000000000000000000000000000000000000000000000000000000000000000000000000000000000000000000000000000000000000000000000000000000000000000000000000000000000.000000,RI605,SHFE,早籼稻605,RI605,RI,1,2016,5,500,1,500,1,20,1.000000,20150430,20150522,20160513,20160516,20160517,1,1,2,2,179769313486231570000000000000000000000000000000000000000000000000000000000000000000000000000000000000000000000000000000000000000000000000000000000000000000000000000000000000000000000000000000000000000000000000000000000000000000000000000000000000000000000000000000000000000000000000000000000000000000000000000.000000,179769313486231570000000000000000000000000000000000000000000000000000000000000000000000000000000000000000000000000000000000000000000000000000000000000000000000000000000000000000000000000000000000000000000000000000000000000000000000000000000000000000000000000000000000000000000000000000000000000000000000000000.000000,
RI607,SHFE,早籼稻607,RI607,RI,1,2016,7,500,1,500,1,20,1.000000,20150630,20150724,20160714,20160715,20160718,1,1,2,2,179769313486231570000000000000000000000000000000000000000000000000000000000000000000000000000000000000000000000000000000000000000000000000000000000000000000000000000000000000000000000000000000000000000000000000000000000000000000000000000000000000000000000000000000000000000000000000000000000000000000000000000.000000,179769313486231570000000000000000000000000000000000000000000000000000000000000000000000000000000000000000000000000000000000000000000000000000000000000000000000000000000000000000000000000000000000000000000000000000000000000000000000000000000000000000000000000000000000000000000000000000000000000000000000000000.000000,SR509,SHFE,白砂糖509,SR509,SR,1,2015,9,500,1,500,1,10,1.000000,20140430,20140519,20150914,20150915,20150916,1,1,2,1,0.020000,0.020000,
SR511,SHFE,白砂糖511,SR511,SR,1,2015,11,500,1,500,1,10,1.000000,20140430,20140519,20151113,20151116,20151117,1,1,2,1,0.020000,0.020000,SR601,SHFE,白砂糖601,SR601,SR,1,2016,1,500,1,500,1,10,1.000000,20141231,20150119,20160114,20160115,20160118,1,1,2,1,0.020000,0.020000,SR603,SHFE,白砂糖603,SR603,SR,1,2016,3,500,1,500,1,10,1.000000,20150227,20150316,20160314,20160315,20160316,1,1,2,1,0.020000,0.020000,
SR605,SHFE,白砂糖605,SR605,SR,1,2016,5,500,1,500,1,10,1.000000,20150430,20150518,20160513,20160516,20160517,1,1,2,1,0.020000,0.020000,
SR607,SHFE,白砂糖607,SR607,SR,1,2016,7,500,1,500,1,10,1.000000,20150430,20150518,20160714,20160715,20160718,1,1,2,1,0.020000,0.020000,SR609,SHFE,白砂糖609,SR609,SR,1,2016,9,500,1,500,1,10,1.000000,20150430,20150518,20160914,20160915,20160916,1,1,2,1,0.020000,0.020000,SR611,SHFE,白砂糖611,SR611,SR,1,2016,11,500,1,500,1,10,1.000000,20150430,20150518,20161114,20161115,20161116,1,1,2,1,0.020000,0.020000,T1508,SHFE,10期国债1508,T1508,T_f,1,2015,8,500,1,500,1,300,0.200000,20150529,20150623,20150821,20150821,20150821,1,1,2,1,0.000000,0.000000,T1509,SHFE,长期国债1509,T1509,T,1,2015,9,500,1,200,1,10000,0.005000,20141212,20141215,20150911,20150914,20150916,1,1,2,2,179769313486231570000000000000000000000000000000000000000000000000000000000000000000000000000000000000000000000000000000000000000000000000000000000000000000000000000000000000000000000000000000000000000000000000000000000000000000000000000000000000000000000000000000000000000000000000000000000000000000000000000.000000,179769313486231570000000000000000000000000000000000000000000000000000000000000000000000000000000000000000000000000000000000000000000000000000000000000000000000000000000000000000000000000000000000000000000000000000000000000000000000000000000000000000000000000000000000000000000000000000000000000000000000000000.000000,T1510,SHFE,10期国债1510,T1510,T,1,2015,10,500,1,500,1,300,0.200000,20150731,20150824,20151016,20151016,20151016,1,1,2,1,179769313486231570000000000000000000000000000000000000000000000000000000000000000000000000000000000000000000000000000000000000000000000000000000000000000000000000000000000000000000000000000000000000000000000000000000000000000000000000000000000000000000000000000000000000000000000000000000000000000000000000000.000000,179769313486231570000000000000000000000000000000000000000000000000000000000000000000000000000000000000000000000000000000000000000000000000000000000000000000000000000000000000000000000000000000000000000000000000000000000000000000000000000000000000000000000000000000000000000000000000000000000000000000000000000.000000,
T1512,SHFE,长期国债1512,T1512,T,1,2015,12,500,1,200,1,10000,0.005000,20150313,20150316,20151211,20151214,20151216,1,1,2,2,179769313486231570000000000000000000000000000000000000000000000000000000000000000000000000000000000000000000000000000000000000000000000000000000000000000000000000000000000000000000000000000000000000000000000000000000000000000000000000000000000000000000000000000000000000000000000000000000000000000000000000000.000000,179769313486231570000000000000000000000000000000000000000000000000000000000000000000000000000000000000000000000000000000000000000000000000000000000000000000000000000000000000000000000000000000000000000000000000000000000000000000000000000000000000000000000000000000000000000000000000000000000000000000000000000.000000,
T1603,SHFE,10期国债1603,T1603,T,1,2016,3,500,1,500,1,300,0.200000,20150630,20150720,20160318,20160318,20160318,1,1,2,1,179769313486231570000000000000000000000000000000000000000000000000000000000000000000000000000000000000000000000000000000000000000000000000000000000000000000000000000000000000000000000000000000000000000000000000000000000000000000000000000000000000000000000000000000000000000000000000000000000000000000000000000.000000,179769313486231570000000000000000000000000000000000000000000000000000000000000000000000000000000000000000000000000000000000000000000000000000000000000000000000000000000000000000000000000000000000000000000000000000000000000000000000000000000000000000000000000000000000000000000000000000000000000000000000000000.000000,TA508,SHFE,精对苯二甲酸508,TA508,TA_f,1,2015,8,500,1,500,1,5,2.000000,20140731,20140815,20150814,20150817,20150818,1,1,2,1,0.000000,0.000000,TA509,SHFE,精对苯二甲酸509,TA509,TA,1,2015,9,500,1,500,1,5,2.000000,20140829,20140916,20150914,20150915,20150916,1,1,2,1,0.100000,0.100000,TA510,SHFE,精对苯二甲酸510,TA510,TA,1,2015,10,500,1,500,1,5,2.000000,20140930,20141022,20151021,20151022,20151023,1,1,2,1,179769313486231570000000000000000000000000000000000000000000000000000000000000000000000000000000000000000000000000000000000000000000000000000000000000000000000000000000000000000000000000000000000000000000000000000000000000000000000000000000000000000000000000000000000000000000000000000000000000000000000000000.000000,179769313486231570000000000000000000000000000000000000000000000000000000000000000000000000000000000000000000000000000000000000000000000000000000000000000000000000000000000000000000000000000000000000000000000000000000000000000000000000000000000000000000000000000000000000000000000000000000000000000000000000000.000000,TA511,SHFE,精对苯二甲酸511,TA511,TA,1,2015,11,500,1,500,1,5,2.000000,20141031,20141117,20151113,20151116,20151117,1,1,2,1,179769313486231570000000000000000000000000000000000000000000000000000000000000000000000000000000000000000000000000000000000000000000000000000000000000000000000000000000000000000000000000000000000000000000000000000000000000000000000000000000000000000000000000000000000000000000000000000000000000000000000000000.000000,179769313486231570000000000000000000000000000000000000000000000000000000000000000000000000000000000000000000000000000000000000000000000000000000000000000000000000000000000000000000000000000000000000000000000000000000000000000000000000000000000000000000000000000000000000000000000000000000000000000000000000000.000000,TA512,SHFE,精对苯二甲酸512,TA512,TA,1,2015,12,500,1,500,1,5,2.000000,20141128,20141215,20151214,20151215,20151216,1,1,2,1,179769313486231570000000000000000000000000000000000000000000000000000000000000000000000000000000000000000000000000000000000000000000000000000000000000000000000000000000000000000000000000000000000000000000000000000000000000000000000000000000000000000000000000000000000000000000000000000000000000000000000000000.000000,179769313486231570000000000000000000000000000000000000000000000000000000000000000000000000000000000000000000000000000000000000000000000000000000000000000000000000000000000000000000000000000000000000000000000000000000000000000000000000000000000000000000000000000000000000000000000000000000000000000000000000000.000000,TA601,SHFE,精对苯二甲酸601,TA601,TA,1,2016,1,500,1,500,1,5,2.000000,20141231,20150119,20160114,20160115,20160118,1,1,2,1,179769313486231570000000000000000000000000000000000000000000000000000000000000000000000000000000000000000000000000000000000000000000000000000000000000000000000000000000000000000000000000000000000000000000000000000000000000000000000000000000000000000000000000000000000000000000000000000000000000000000000000000.000000,179769313486231570000000000000000000000000000000000000000000000000000000000000000000000000000000000000000000000000000000000000000000000000000000000000000000000000000000000000000000000000000000000000000000000000000000000000000000000000000000000000000000000000000000000000000000000000000000000000000000000000000.000000,TA602,SHFE,精对苯二甲酸602,TA602,TA,1,2016,2,500,1,500,1,5,2.000000,20150130,20150216,20160212,20160215,20160216,1,1,2,1,179769313486231570000000000000000000000000000000000000000000000000000000000000000000000000000000000000000000000000000000000000000000000000000000000000000000000000000000000000000000000000000000000000000000000000000000000000000000000000000000000000000000000000000000000000000000000000000000000000000000000000000.000000,179769313486231570000000000000000000000000000000000000000000000000000000000000000000000000000000000000000000000000000000000000000000000000000000000000000000000000000000000000000000000000000000000000000000000000000000000000000000000000000000000000000000000000000000000000000000000000000000000000000000000000000.000000,TA603,SHFE,精对苯二甲酸603,TA603,TA,1,2016,3,500,1,500,1,5,2.000000,20150227,20150316,20160314,20160315,20160316,1,1,2,1,179769313486231570000000000000000000000000000000000000000000000000000000000000000000000000000000000000000000000000000000000000000000000000000000000000000000000000000000000000000000000000000000000000000000000000000000000000000000000000000000000000000000000000000000000000000000000000000000000000000000000000000.000000,179769313486231570000000000000000000000000000000000000000000000000000000000000000000000000000000000000000000000000000000000000000000000000000000000000000000000000000000000000000000000000000000000000000000000000000000000000000000000000000000000000000000000000000000000000000000000000000000000000000000000000000.000000,TA604,SHFE,精对苯二甲酸604,TA604,TA,1,2016,4,500,1,500,1,5,2.000000,20150331,20150416,20160414,20160415,20160418,1,1,2,1,179769313486231570000000000000000000000000000000000000000000000000000000000000000000000000000000000000000000000000000000000000000000000000000000000000000000000000000000000000000000000000000000000000000000000000000000000000000000000000000000000000000000000000000000000000000000000000000000000000000000000000000.000000,179769313486231570000000000000000000000000000000000000000000000000000000000000000000000000000000000000000000000000000000000000000000000000000000000000000000000000000000000000000000000000000000000000000000000000000000000000000000000000000000000000000000000000000000000000000000000000000000000000000000000000000.000000,TA605,SHFE,精对苯二甲酸605,TA605,TA,1,2016,5,500,1,500,1,5,2.000000,20150430,20150518,20160513,20160516,20160517,1,1,2,1,179769313486231570000000000000000000000000000000000000000000000000000000000000000000000000000000000000000000000000000000000000000000000000000000000000000000000000000000000000000000000000000000000000000000000000000000000000000000000000000000000000000000000000000000000000000000000000000000000000000000000000000.000000,179769313486231570000000000000000000000000000000000000000000000000000000000000000000000000000000000000000000000000000000000000000000000000000000000000000000000000000000000000000000000000000000000000000000000000000000000000000000000000000000000000000000000000000000000000000000000000000000000000000000000000000.000000,TA606,SHFE,精对苯二甲酸606,TA606,TA,1,2016,6,500,1,500,1,5,2.000000,20150529,20150615,20160614,20160615,20160616,1,1,2,1,179769313486231570000000000000000000000000000000000000000000000000000000000000000000000000000000000000000000000000000000000000000000000000000000000000000000000000000000000000000000000000000000000000000000000000000000000000000000000000000000000000000000000000000000000000000000000000000000000000000000000000000.000000,179769313486231570000000000000000000000000000000000000000000000000000000000000000000000000000000000000000000000000000000000000000000000000000000000000000000000000000000000000000000000000000000000000000000000000000000000000000000000000000000000000000000000000000000000000000000000000000000000000000000000000000.000000,
TA607,SHFE,精对苯二甲酸607,TA607,TA,1,2016,7,500,1,500,1,5,2.000000,20150630,20150715,20160714,20160715,20160718,1,1,2,1,179769313486231570000000000000000000000000000000000000000000000000000000000000000000000000000000000000000000000000000000000000000000000000000000000000000000000000000000000000000000000000000000000000000000000000000000000000000000000000000000000000000000000000000000000000000000000000000000000000000000000000000.000000,179769313486231570000000000000000000000000000000000000000000000000000000000000000000000000000000000000000000000000000000000000000000000000000000000000000000000000000000000000000000000000000000000000000000000000000000000000000000000000000000000000000000000000000000000000000000000000000000000000000000000000000.000000,
TA608,SHFE,精对苯二甲酸608,TA608,TA,1,2016,8,500,1,500,1,5,2.000000,20150731,20150817,20160812,20160815,20160816,1,1,2,1,179769313486231570000000000000000000000000000000000000000000000000000000000000000000000000000000000000000000000000000000000000000000000000000000000000000000000000000000000000000000000000000000000000000000000000000000000000000000000000000000000000000000000000000000000000000000000000000000000000000000000000000.000000,179769313486231570000000000000000000000000000000000000000000000000000000000000000000000000000000000000000000000000000000000000000000000000000000000000000000000000000000000000000000000000000000000000000000000000000000000000000000000000000000000000000000000000000000000000000000000000000000000000000000000000000.000000,
TC509,SHFE,动力煤509,TC509,TC,1,2015,9,500,1,500,1,200,0.200000,20140829,20140916,20150904,20150907,20150908,1,1,2,1,0.050000,0.050000,
TC510,SHFE,动力煤510,TC510,TC,1,2015,10,500,1,500,1,200,0.200000,20140930,20141022,20151013,20151014,20151015,1,1,2,1,0.050000,0.050000,TC511,SHFE,动力煤511,TC511,TC,1,2015,11,500,1,500,1,200,0.200000,20141031,20141117,20151105,20151106,20151109,1,1,2,1,0.050000,0.050000,TC512,SHFE,动力煤512,TC512,TC,1,2015,12,500,1,500,1,200,0.200000,20141128,20141215,20151204,20151207,20151208,1,1,2,1,0.050000,0.050000,
TC601,SHFE,动力煤601,TC601,TC,1,2016,1,500,1,500,1,200,0.200000,20141231,20150119,20160106,20160107,20160108,1,1,2,1,0.050000,0.050000,TC602,SHFE,动力煤602,TC602,TC,1,2016,2,500,1,500,1,200,0.200000,20150130,20150216,20160204,20160205,20160208,1,1,2,1,0.050000,0.050000,
TC603,SHFE,动力煤603,TC603,TC,1,2016,3,500,1,500,1,200,0.200000,20150227,20150316,20160304,20160307,20160308,1,1,2,1,0.050000,0.050000,TC604,SHFE,动力煤604,TC604,TC,1,2016,4,500,1,500,1,200,0.200000,20150331,20150416,20160406,20160407,20160408,1,1,2,1,0.050000,0.050000,TC605,SHFE,动力煤605,TC605,TC_f,1,2016,5,500,1,500,1,200,0.200000,20150430,20150518,20160505,20160506,20160509,1,1,2,1,0.000000,0.000000,
TC606,SHFE,动力煤606,TC606,TC_f,1,2016,6,500,1,500,1,200,0.200000,20150529,20150615,20160606,20160607,20160608,1,1,2,1,0.000000,0.000000,TC607,SHFE,动力煤607,TC607,TC_f,1,2016,7,500,1,500,1,200,0.200000,20150630,20150715,20160706,20160707,20160708,1,1,2,1,0.000000,0.000000,TC608,SHFE,动力煤608,TC608,TC,1,2016,8,500,1,500,1,200,0.200000,20150731,20150817,20160804,20160805,20160808,1,1,2,1,0.050000,0.050000,TF1508,SHFE,5年期国债1508,TF1508,TF_f,1,2015,8,500,1,500,1,300,0.200000,20150529,20150623,20150821,20150821,20150821,1,1,2,1,0.000000,0.000000,TF1509,SHFE,国债1509,TF1509,TF,1,2015,9,500,1,200,1,10000,0.005000,20141212,20141215,20150911,20150914,20150916,1,1,2,2,179769313486231570000000000000000000000000000000000000000000000000000000000000000000000000000000000000000000000000000000000000000000000000000000000000000000000000000000000000000000000000000000000000000000000000000000000000000000000000000000000000000000000000000000000000000000000000000000000000000000000000000.000000,179769313486231570000000000000000000000000000000000000000000000000000000000000000000000000000000000000000000000000000000000000000000000000000000000000000000000000000000000000000000000000000000000000000000000000000000000000000000000000000000000000000000000000000000000000000000000000000000000000000000000000000.000000,TF1510,SHFE,5年期国债1510,TF1510,TF,1,2015,10,500,1,500,1,300,0.200000,20150731,20150824,20151016,20151016,20151016,1,1,2,1,179769313486231570000000000000000000000000000000000000000000000000000000000000000000000000000000000000000000000000000000000000000000000000000000000000000000000000000000000000000000000000000000000000000000000000000000000000000000000000000000000000000000000000000000000000000000000000000000000000000000000000000.000000,179769313486231570000000000000000000000000000000000000000000000000000000000000000000000000000000000000000000000000000000000000000000000000000000000000000000000000000000000000000000000000000000000000000000000000000000000000000000000000000000000000000000000000000000000000000000000000000000000000000000000000000.000000,TF1512,SHFE,国债1512,TF1512,TF,1,2015,12,500,1,200,1,10000,0.005000,20150313,20150316,20151211,20151214,20151216,1,1,2,2,179769313486231570000000000000000000000000000000000000000000000000000000000000000000000000000000000000000000000000000000000000000000000000000000000000000000000000000000000000000000000000000000000000000000000000000000000000000000000000000000000000000000000000000000000000000000000000000000000000000000000000000.000000,179769313486231570000000000000000000000000000000000000000000000000000000000000000000000000000000000000000000000000000000000000000000000000000000000000000000000000000000000000000000000000000000000000000000000000000000000000000000000000000000000000000000000000000000000000000000000000000000000000000000000000000.000000,TF1603,SHFE,5年期国债1603,TF1603,TF,1,2016,3,500,1,500,1,300,0.200000,20150630,20150720,20160318,20160318,20160318,1,1,2,1,179769313486231570000000000000000000000000000000000000000000000000000000000000000000000000000000000000000000000000000000000000000000000000000000000000000000000000000000000000000000000000000000000000000000000000000000000000000000000000000000000000000000000000000000000000000000000000000000000000000000000000000.000000,179769313486231570000000000000000000000000000000000000000000000000000000000000000000000000000000000000000000000000000000000000000000000000000000000000000000000000000000000000000000000000000000000000000000000000000000000000000000000000000000000000000000000000000000000000000000000000000000000000000000000000000.000000,WH509,SHFE,优质强筋小麦509,WH509,WH,1,2015,9,200,1,1000,1,20,1.000000,20140829,20140923,20150914,20150915,20150916,1,1,2,2,179769313486231570000000000000000000000000000000000000000000000000000000000000000000000000000000000000000000000000000000000000000000000000000000000000000000000000000000000000000000000000000000000000000000000000000000000000000000000000000000000000000000000000000000000000000000000000000000000000000000000000000.000000,179769313486231570000000000000000000000000000000000000000000000000000000000000000000000000000000000000000000000000000000000000000000000000000000000000000000000000000000000000000000000000000000000000000000000000000000000000000000000000000000000000000000000000000000000000000000000000000000000000000000000000000.000000,WH511,SHFE,优质强筋小麦511,WH511,WH,1,2015,11,200,1,1000,1,20,1.000000,20141031,20141121,20151113,20151116,20151117,1,1,2,2,179769313486231570000000000000000000000000000000000000000000000000000000000000000000000000000000000000000000000000000000000000000000000000000000000000000000000000000000000000000000000000000000000000000000000000000000000000000000000000000000000000000000000000000000000000000000000000000000000000000000000000000.000000,179769313486231570000000000000000000000000000000000000000000000000000000000000000000000000000000000000000000000000000000000000000000000000000000000000000000000000000000000000000000000000000000000000000000000000000000000000000000000000000000000000000000000000000000000000000000000000000000000000000000000000000.000000,WH601,SHFE,优质强筋小麦601,WH601,WH,1,2016,1,200,1,1000,1,20,1.000000,20141231,20150123,20160114,20160115,20160118,1,1,2,2,179769313486231570000000000000000000000000000000000000000000000000000000000000000000000000000000000000000000000000000000000000000000000000000000000000000000000000000000000000000000000000000000000000000000000000000000000000000000000000000000000000000000000000000000000000000000000000000000000000000000000000000.000000,179769313486231570000000000000000000000000000000000000000000000000000000000000000000000000000000000000000000000000000000000000000000000000000000000000000000000000000000000000000000000000000000000000000000000000000000000000000000000000000000000000000000000000000000000000000000000000000000000000000000000000000.000000,WH603,SHFE,优质强筋小麦603,WH603,WH,1,2016,3,200,1,1000,1,20,1.000000,20150227,20150324,20160314,20160315,20160316,1,1,2,2,179769313486231570000000000000000000000000000000000000000000000000000000000000000000000000000000000000000000000000000000000000000000000000000000000000000000000000000000000000000000000000000000000000000000000000000000000000000000000000000000000000000000000000000000000000000000000000000000000000000000000000000.000000,179769313486231570000000000000000000000000000000000000000000000000000000000000000000000000000000000000000000000000000000000000000000000000000000000000000000000000000000000000000000000000000000000000000000000000000000000000000000000000000000000000000000000000000000000000000000000000000000000000000000000000000.000000,
WH605,SHFE,优质强筋小麦605,WH605,WH,1,2016,5,200,1,1000,1,20,1.000000,20150430,20150522,20160513,20160516,20160517,1,1,2,2,179769313486231570000000000000000000000000000000000000000000000000000000000000000000000000000000000000000000000000000000000000000000000000000000000000000000000000000000000000000000000000000000000000000000000000000000000000000000000000000000000000000000000000000000000000000000000000000000000000000000000000000.000000,179769313486231570000000000000000000000000000000000000000000000000000000000000000000000000000000000000000000000000000000000000000000000000000000000000000000000000000000000000000000000000000000000000000000000000000000000000000000000000000000000000000000000000000000000000000000000000000000000000000000000000000.000000,WH607,SHFE,优质强筋小麦607,WH607,WH,1,2016,7,200,1,1000,1,20,1.000000,20150630,20150724,20160714,20160715,20160718,1,1,2,2,179769313486231570000000000000000000000000000000000000000000000000000000000000000000000000000000000000000000000000000000000000000000000000000000000000000000000000000000000000000000000000000000000000000000000000000000000000000000000000000000000000000000000000000000000000000000000000000000000000000000000000000.000000,179769313486231570000000000000000000000000000000000000000000000000000000000000000000000000000000000000000000000000000000000000000000000000000000000000000000000000000000000000000000000000000000000000000000000000000000000000000000000000000000000000000000000000000000000000000000000000000000000000000000000000000.000000,
a1509,SHFE,黄大豆1号1509,a1509,a,1,2015,9,1000,1,1000,1,10,1.000000,20140228,20140317,20150914,20150915,20150921,1,1,2,1,0.250000,0.250000,a1511,SHFE,黄大豆1号1511,a1511,a,1,2015,11,1000,1,1000,1,10,1.000000,20140430,20140519,20151113,20151116,20151120,1,1,2,1,0.050000,0.050000,a1601,SHFE,黄大豆1号1601,a1601,a,1,2016,1,1000,1,1000,1,10,1.000000,20140630,20140715,20160114,20160115,20160121,1,1,2,1,0.050000,0.050000,
a1603,SHFE,黄大豆1号1603,a1603,a,1,2016,3,1000,1,1000,1,10,1.000000,20140829,20140916,20160314,20160315,20160321,1,1,2,1,0.050000,0.050000,
a1605,SHFE,黄大豆1号1605,a1605,a,1,2016,5,1000,1,1000,1,10,1.000000,20141031,20141117,20160513,20160516,20160520,1,1,2,1,0.050000,0.050000,
a1607,SHFE,黄大豆1号1607,a1607,a,1,2016,7,1000,1,1000,1,10,1.000000,20141231,20150119,20160714,20160715,20160721,1,1,2,1,0.050000,0.050000,a1609,SHFE,黄大豆1号1609,a1609,a,1,2016,9,1000,1,1000,1,10,1.000000,20150227,20150316,20160914,20160915,20160921,1,1,2,1,0.050000,0.050000,a1611,SHFE,黄大豆1号1611,a1611,a,1,2016,11,1000,1,1000,1,10,1.000000,20150430,20150518,20161114,20161115,20161121,1,1,2,1,0.050000,0.050000,a1701,SHFE,黄大豆1号1701,a1701,a,1,2017,1,1000,1,1000,1,10,1.000000,20150630,20150715,20170113,20170116,20170120,1,1,2,1,0.050000,0.050000,ag1508,SHFE,白银1508,ag1508,ag_f,1,2015,8,500,1,500,1,15,1.000000,20140731,20140818,20150817,20150818,20150821,1,1,2,1,0.000000,0.000000,ag1509,SHFE,白银1509,ag1509,ag,1,2015,9,500,1,500,1,15,1.000000,20140831,20140916,20150915,20150916,20150921,1,1,2,1,0.100000,0.100000,ag1510,SHFE,白银1510,ag1510,ag,1,2015,10,500,1,500,1,15,1.000000,20140930,20141016,20151015,20151016,20151021,1,1,2,1,0.070000,0.070000,
ag1511,SHFE,白银1511,ag1511,ag,1,2015,11,500,1,500,1,15,1.000000,20141031,20141118,20151116,20151117,20151120,1,1,2,1,0.070000,0.070000,ag1512,SHFE,白银1512,ag1512,ag,1,2015,12,500,1,500,1,15,1.000000,20141130,20141216,20151215,20151216,20151221,1,1,2,1,0.070000,0.070000,ag1601,SHFE,白银1601,ag1601,ag,1,2016,1,500,1,500,1,15,1.000000,20141231,20150116,20160115,20160118,20160121,1,1,2,1,0.070000,0.070000,ag1602,SHFE,白银1602,ag1602,ag,1,2016,2,500,1,500,1,15,1.000000,20150131,20150217,20160215,20160216,20160219,1,1,2,1,0.070000,0.070000,ag1603,SHFE,白银1603,ag1603,ag,1,2016,3,500,1,500,1,15,1.000000,20150228,20150317,20160315,20160316,20160321,1,1,2,1,0.070000,0.070000,ag1604,SHFE,白银1604,ag1604,ag,1,2016,4,500,1,500,1,15,1.000000,20150331,20150416,20160415,20160418,20160421,1,1,2,1,0.070000,0.070000,ag1605,SHFE,白银1605,ag1605,ag,1,2016,5,500,1,500,1,15,1.000000,20150430,20150518,20160516,20160517,20160520,1,1,2,1,0.070000,0.070000,ag1606,SHFE,白银1606,ag1606,ag,1,2016,6,500,1,500,1,15,1.000000,20150531,20150616,20160615,20160616,20160621,1,1,2,1,0.070000,0.070000,ag1607,SHFE,白银1607,ag1607,ag,1,2016,7,500,1,500,1,15,1.000000,20150630,20150716,20160715,20160718,20160721,1,1,2,1,0.070000,0.070000,ag1608,SHFE,白银1608,ag1608,ag,1,2016,8,500,1,500,1,15,1.000000,20150731,20150818,20160815,20160816,20160819,1,1,2,1,0.070000,0.070000,al1508,SHFE,al1508,al1508,al_f,1,2015,8,500,5,500,5,5,5.000000,20140731,20140818,20150817,20150818,20150821,1,1,2,1,0.000000,0.000000,
al1509,SHFE,al1509,al1509,al,1,2015,9,500,1,500,1,5,5.000000,20140831,20140916,20150915,20150916,20150921,1,1,2,1,0.150000,0.150000,al1510,SHFE,al1510,al1510,al,1,2015,10,500,1,500,1,5,5.000000,20140930,20141016,20151015,20151016,20151021,1,1,2,1,0.070000,0.070000,al1511,SHFE,al1511,al1511,al,1,2015,11,500,1,500,1,5,5.000000,20141031,20141118,20151116,20151117,20151120,1,1,2,1,0.070000,0.070000,al1512,SHFE,al1512,al1512,al,1,2015,12,500,1,500,1,5,5.000000,20141130,20141216,20151215,20151216,20151221,1,1,2,1,0.070000,0.070000,al1601,SHFE,al1601,al1601,al,1,2016,1,500,1,500,1,5,5.000000,20141231,20150116,20160115,20160118,20160121,1,1,2,1,0.070000,0.070000,al1602,SHFE,al1602,al1602,al,1,2016,2,500,1,500,1,5,5.000000,20150131,20150217,20160215,20160216,20160219,1,1,2,1,0.070000,0.070000,al1603,SHFE,al1603,al1603,al,1,2016,3,500,1,500,1,5,5.000000,20150228,20150317,20160315,20160316,20160321,1,1,2,1,0.070000,0.070000,
al1604,SHFE,al1604,al1604,al,1,2016,4,500,1,500,1,5,5.000000,20150331,20150416,20160415,20160418,20160421,1,1,2,1,0.070000,0.070000,al1605,SHFE,al1605,al1605,al,1,2016,5,500,1,500,1,5,5.000000,20150430,20150518,20160516,20160517,20160520,1,1,2,1,0.070000,0.070000,al1606,SHFE,al1606,al1606,al,1,2016,6,500,1,500,1,5,5.000000,20150531,20150616,20160615,20160616,20160621,1,1,2,1,0.070000,0.070000,al1607,SHFE,al1607,al1607,al,1,2016,7,500,1,500,1,5,5.000000,20150630,20150716,20160715,20160718,20160721,1,1,2,1,0.070000,0.070000,al1608,SHFE,al1608,al1608,al,1,2016,8,500,1,500,1,5,5.000000,20150731,20150818,20160815,20160816,20160819,1,1,2,1,0.070000,0.070000,au1508,SHFE,黄金1508,au1508,au_f,1,2015,8,30,3,500,3,1000,0.010000,20140731,20140818,20150817,20150818,20150824,1,1,2,1,0.000000,0.000000,au1604,SHFE,黄金1604,au1604,au,1,2016,4,30,1,500,1,1000,0.010000,20150331,20150416,20160415,20160418,20160422,1,1,2,1,0.070000,0.070000,au1605,SHFE,黄金1605,au1605,au_f,1,2016,5,30,1,500,1,1000,0.010000,20150430,20150518,20160516,20160517,20160523,1,1,2,1,0.000000,0.000000,au1606,SHFE,黄金1606,au1606,au,1,2016,6,30,1,500,1,1000,0.010000,20150529,20150616,20160615,20160616,20160622,1,1,2,1,0.070000,0.070000,
au1607,SHFE,黄金1607,au1607,au_f,1,2016,7,30,1,500,1,1000,0.010000,20150630,20150716,20160715,20160718,20160722,1,1,2,1,0.000000,0.000000,au1608,SHFE,黄金1608,au1608,au,1,2016,8,30,1,500,1,1000,0.010000,20150731,20150818,20160815,20160816,20160822,1,1,2,1,0.070000,0.070000,
b1509,SHFE,黄大豆2号1509,b1509,b,1,2015,9,1000,1,1000,1,10,1.000000,20140829,20140916,20150914,20150915,20150917,1,1,2,1,0.100000,0.100000,b1511,SHFE,黄大豆2号1511,b1511,b,1,2015,11,1000,1,1000,1,10,1.000000,20141031,20141117,20151113,20151116,20151118,1,1,2,1,0.050000,0.050000,b1601,SHFE,黄大豆2号1601,b1601,b,1,2016,1,1000,1,1000,1,10,1.000000,20141231,20150119,20160114,20160115,20160119,1,1,2,1,0.050000,0.050000,
b1603,SHFE,黄大豆2号1603,b1603,b,1,2016,3,1000,1,1000,1,10,1.000000,20150227,20150316,20160314,20160315,20160317,1,1,2,1,0.050000,0.050000,b1605,SHFE,黄大豆2号1605,b1605,b,1,2016,5,1000,1,1000,1,10,1.000000,20150430,20150518,20160513,20160516,20160518,1,1,2,1,0.050000,0.050000,b1607,SHFE,黄大豆2号1607,b1607,b,1,2016,7,1000,1,1000,1,10,1.000000,20150630,20150715,20160714,20160715,20160719,1,1,2,1,0.050000,0.050000,
bu1508,SHFE,沥青1508,bu1508,bu_f,1,2015,8,500,1,500,1,10,2.000000,20150131,20150217,20150817,20150818,20150821,1,1,2,1,0.000000,0.000000,bu1509,SHFE,沥青1509,bu1509,bu,1,2015,9,500,1,500,1,10,2.000000,20130830,20130917,20150915,20150916,20150921,1,1,2,1,0.040000,0.040000,bu1510,SHFE,沥青1510,bu1510,bu,1,2015,10,500,1,500,1,10,2.000000,20150331,20150416,20151015,20151016,20151021,1,1,2,1,0.040000,0.040000,bu1511,SHFE,沥青1511,bu1511,bu,1,2015,11,500,1,500,1,10,2.000000,20150430,20150518,20151116,20151117,20151120,1,1,2,1,0.040000,0.040000,bu1512,SHFE,沥青1512,bu1512,bu,1,2015,12,500,1,500,1,10,2.000000,20131130,20131217,20151215,20151216,20151221,1,1,2,1,0.040000,0.040000,bu1601,SHFE,沥青1601,bu1601,bu,1,2016,1,500,1,500,1,10,2.000000,20150630,20150716,20160115,20160118,20160121,1,1,2,1,0.040000,0.040000,bu1602,SHFE,沥青1602,bu1602,bu,1,2016,2,500,1,500,1,10,2.000000,20150731,20150818,20160215,20160216,20160219,1,1,2,1,0.040000,0.040000,bu1603,SHFE,沥青1603,bu1603,bu,1,2016,3,500,1,500,1,10,2.000000,20140228,20140318,20160315,20160316,20160321,1,1,2,1,0.040000,0.040000,bu1606,SHFE,沥青1606,bu1606,bu,1,2016,6,500,1,500,1,10,2.000000,20140531,20140617,20160615,20160616,20160621,1,1,2,1,0.040000,0.040000,bu1609,SHFE,沥青1609,bu1609,bu,1,2016,9,500,1,500,1,10,2.000000,20140831,20140916,20160915,20160916,20160921,1,1,2,1,0.040000,0.040000,bu1612,SHFE,沥青1612,bu1612,bu,1,2016,12,500,1,500,1,10,2.000000,20141130,20141216,20161215,20161216,20161221,1,1,2,1,0.040000,0.040000,bu1703,SHFE,沥青1703,bu1703,bu,1,2017,3,500,1,500,1,10,2.000000,20150228,20150317,20170315,20170316,20170321,1,1,2,1,0.040000,0.040000,bu1706,SHFE,沥青1706,bu1706,bu,1,2017,6,500,1,500,1,10,2.000000,20150531,20150616,20170615,20170616,20170621,1,1,2,1,0.040000,0.040000,c1509,SHFE,黄玉米1509,c1509,c,1,2015,9,1000,1,1000,1,10,1.000000,20140829,20140916,20150914,20150915,20150916,1,1,2,1,0.050000,0.050000,c1511,SHFE,黄玉米1511,c1511,c,1,2015,11,1000,1,1000,1,10,1.000000,20141031,20141117,20151113,20151116,20151117,1,1,2,1,0.050000,0.050000,c1601,SHFE,黄玉米1601,c1601,c,1,2016,1,1000,1,1000,1,10,1.000000,20141231,20150119,20160114,20160115,20160118,1,1,2,1,0.050000,0.050000,c1603,SHFE,黄玉米1603,c1603,c,1,2016,3,1000,1,1000,1,10,1.000000,20150227,20150316,20160314,20160315,20160316,1,1,2,1,0.050000,0.050000,
c1605,SHFE,黄玉米1605,c1605,c,1,2016,5,1000,1,1000,1,10,1.000000,20150430,20150518,20160513,20160516,20160517,1,1,2,1,0.050000,0.050000,
c1607,SHFE,黄玉米1607,c1607,c,1,2016,7,1000,1,1000,1,10,1.000000,20150630,20150715,20160714,20160715,20160718,1,1,2,1,0.050000,0.050000,cu1508,SHFE,cu1508,cu1508,cu_f,1,2015,8,500,5,500,5,5,10.000000,20140731,20140818,20150817,20150818,20150821,1,1,2,1,0.000000,0.000000,
cu1509,SHFE,cu1509,cu1509,cu,1,2015,9,500,1,500,1,5,10.000000,20140831,20140916,20150915,20150916,20150921,1,1,2,1,0.101000,0.201000,cu1510,SHFE,cu1510,cu1510,cu,1,2015,10,500,1,500,1,5,10.000000,20140930,20141016,20151015,20151016,20151021,1,1,2,1,0.101000,0.201000,cu1511,SHFE,cu1511,cu1511,cu,1,2015,11,500,1,500,1,5,10.000000,20141031,20141118,20151116,20151117,20151120,1,1,2,1,0.101000,0.201000,
cu1512,SHFE,cu1512,cu1512,cu,1,2015,12,500,1,500,1,5,10.000000,20141130,20141216,20151215,20151216,20151221,1,1,2,1,0.101000,0.201000,cu1601,SHFE,cu1601,cu1601,cu,1,2016,1,500,1,500,1,5,10.000000,20141231,20150116,20160115,20160118,20160121,1,1,2,1,0.101000,0.201000,
cu1602,SHFE,cu1602,cu1602,cu,1,2016,2,500,1,500,1,5,10.000000,20150131,20150217,20160215,20160216,20160219,1,1,2,1,0.101000,0.201000,cu1603,SHFE,cu1603,cu1603,cu,1,2016,3,500,1,500,1,5,10.000000,20150228,20150317,20160315,20160316,20160321,1,1,2,1,0.101000,0.201000,cu1604,SHFE,cu1604,cu1604,cu,1,2016,4,500,1,500,1,5,10.000000,20150331,20150416,20160415,20160418,20160421,1,1,2,1,0.101000,0.201000,cu1605,SHFE,cu1605,cu1605,cu,1,2016,5,500,1,500,1,5,10.000000,20150430,20150518,20160516,20160517,20160520,1,1,2,1,0.101000,0.201000,cu1606,SHFE,cu1606,cu1606,cu,1,2016,6,500,1,500,1,5,10.000000,20150531,20150616,20160615,20160616,20160621,1,1,2,1,0.101000,0.201000,cu1607,SHFE,cu1607,cu1607,cu,1,2016,7,500,1,500,1,5,10.000000,20150630,20150716,20160715,20160718,20160721,1,1,2,1,0.101000,0.201000,cu1608,SHFE,cu1608,cu1608,cu,1,2016,8,500,1,500,1,5,10.000000,20150731,20150818,20160815,20160816,20160819,1,1,2,1,0.101000,0.201000,fu1509,SHFE,fu1509,fu1509,fu,1,2015,9,500,1,500,1,50,1.000000,20140831,20140901,20150831,20150901,20150904,1,1,2,1,0.300000,0.300000,fu1510,SHFE,fu1510,fu1510,fu,1,2015,10,500,1,500,1,50,1.000000,20140930,20141008,20150930,20151008,20151013,1,1,2,1,0.150000,0.150000,
fu1511,SHFE,fu1511,fu1511,fu,1,2015,11,500,1,500,1,50,1.000000,20141031,20141103,20151030,20151102,20151105,1,1,2,1,0.080000,0.080000,fu1512,SHFE,fu1512,fu1512,fu,1,2015,12,500,1,500,1,50,1.000000,20141130,20141201,20151130,20151201,20151204,1,1,2,1,0.080000,0.080000,fu1601,SHFE,fu1601,fu1601,fu,1,2016,1,500,1,500,1,50,1.000000,20141231,20150105,20151231,20160101,20160106,1,1,2,1,0.080000,0.080000,fu1603,SHFE,fu1603,fu1603,fu,1,2016,3,500,1,500,1,50,1.000000,20150228,20150302,20160229,20160301,20160304,1,1,2,1,0.080000,0.080000,fu1604,SHFE,fu1604,fu1604,fu,1,2016,4,500,1,500,1,50,1.000000,20150331,20150401,20160331,20160401,20160406,1,1,2,1,0.080000,0.080000,fu1605,SHFE,fu1605,fu1605,fu,1,2016,5,500,1,500,1,50,1.000000,20150430,20150504,20160429,20160502,20160505,1,1,2,1,0.080000,0.080000,
fu1606,SHFE,fu1606,fu1606,fu,1,2016,6,500,1,500,1,50,1.000000,20150531,20150601,20160531,20160601,20160606,1,1,2,1,0.080000,0.080000,fu1607,SHFE,fu1607,fu1607,fu,1,2016,7,500,1,500,1,50,1.000000,20150630,20150701,20160630,20160701,20160706,1,1,2,1,0.080000,0.080000,
fu1608,SHFE,fu1608,fu1608,fu,1,2016,8,500,1,500,1,50,1.000000,20150731,20150803,20160729,20160801,20160804,1,1,2,1,0.080000,0.080000,i1508,SHFE,铁矿石1508,i1508,i_f,1,2015,8,1000,1,1000,1,100,1.000000,20140731,20140815,20150814,20150817,20150818,1,1,2,1,0.000000,0.000000,i1509,SHFE,铁矿石1509,i1509,i,1,2015,9,1000,1,1000,1,100,1.000000,20140829,20140916,20150914,20150915,20150916,1,1,2,1,0.050000,0.050000,i1510,SHFE,铁矿石1510,i1510,i,1,2015,10,1000,1,1000,1,100,1.000000,20140930,20141022,20151021,20151022,20151023,1,1,2,1,0.050000,0.050000,i1511,SHFE,铁矿石1511,i1511,i,1,2015,11,1000,1,1000,1,100,1.000000,20141031,20141117,20151113,20151116,20151117,1,1,2,1,0.050000,0.050000,i1512,SHFE,铁矿石1512,i1512,i,1,2015,12,1000,1,1000,1,100,1.000000,20141128,20141215,20151214,20151215,20151216,1,1,2,1,0.050000,0.050000,i1601,SHFE,铁矿石1601,i1601,i,1,2016,1,1000,1,1000,1,100,1.000000,20141231,20150119,20160114,20160115,20160118,1,1,2,1,0.050000,0.050000,i1602,SHFE,铁矿石1602,i1602,i,1,2016,2,1000,1,1000,1,100,1.000000,20150130,20150216,20160212,20160215,20160216,1,1,2,1,0.050000,0.050000,i1603,SHFE,铁矿石1603,i1603,i,1,2016,3,1000,1,1000,1,100,1.000000,20150227,20150316,20160314,20160315,20160316,1,1,2,1,0.050000,0.050000,
i1604,SHFE,铁矿石1604,i1604,i,1,2016,4,1000,1,1000,1,100,1.000000,20150331,20150416,20160414,20160415,20160418,1,1,2,1,0.050000,0.050000,
i1605,SHFE,铁矿石1605,i1605,i,1,2016,5,1000,1,1000,1,100,1.000000,20150430,20150518,20160513,20160516,20160517,1,1,2,1,0.050000,0.050000,
i1606,SHFE,铁矿石1606,i1606,i,1,2016,6,1000,1,1000,1,100,1.000000,20150529,20150615,20160614,20160615,20160616,1,1,2,1,0.050000,0.050000,i1607,SHFE,铁矿石1607,i1607,i,1,2016,7,1000,1,1000,1,100,1.000000,20150630,20150715,20160714,20160715,20160718,1,1,2,1,0.050000,0.050000,
i1608,SHFE,铁矿石1608,i1608,i,1,2016,8,1000,1,1000,1,100,1.000000,20150731,20150817,20160812,20160815,20160816,1,1,2,1,0.050000,0.050000,j1508,SHFE,冶金焦炭1508,j1508,j_f,1,2015,8,500,1,500,1,100,1.000000,20140731,20140815,20150814,20150817,20150818,1,1,2,1,0.000000,0.000000,j1509,SHFE,冶金焦炭1509,j1509,j,1,2015,9,500,1,500,1,100,1.000000,20140829,20140916,20150914,20150915,20150916,1,1,2,2,0.200000,0.200000,
j1510,SHFE,冶金焦炭1510,j1510,j,1,2015,10,500,1,500,1,100,1.000000,20140930,20141022,20151021,20151022,20151023,1,1,2,2,0.100000,0.100000,j1511,SHFE,冶金焦炭1511,j1511,j,1,2015,11,500,1,500,1,100,1.000000,20141031,20141117,20151113,20151116,20151117,1,1,2,2,0.100000,0.100000,j1512,SHFE,冶金焦炭1512,j1512,j,1,2015,12,500,1,500,1,100,1.000000,20141128,20141215,20151214,20151215,20151216,1,1,2,2,0.100000,0.100000,
j1601,SHFE,冶金焦炭1601,j1601,j,1,2016,1,500,1,500,1,100,1.000000,20141231,20150119,20160114,20160115,20160118,1,1,2,2,0.100000,0.100000,
j1602,SHFE,冶金焦炭1602,j1602,j,1,2016,2,500,1,500,1,100,1.000000,20150130,20150216,20160212,20160215,20160216,1,1,2,2,0.100000,0.100000,j1603,SHFE,冶金焦炭1603,j1603,j,1,2016,3,500,1,500,1,100,1.000000,20150227,20150316,20160314,20160315,20160316,1,1,2,2,0.100000,0.100000,j1604,SHFE,冶金焦炭1604,j1604,j,1,2016,4,500,1,500,1,100,1.000000,20150331,20150416,20160414,20160415,20160418,1,1,2,2,0.100000,0.100000,
j1605,SHFE,冶金焦炭1605,j1605,j,1,2016,5,500,1,500,1,100,1.000000,20150430,20150518,20160513,20160516,20160517,1,1,2,2,0.100000,0.100000,j1606,SHFE,冶金焦炭1606,j1606,j,1,2016,6,500,1,500,1,100,1.000000,20150529,20150615,20160614,20160615,20160616,1,1,2,2,0.100000,0.100000,j1607,SHFE,冶金焦炭1607,j1607,j,1,2016,7,500,1,500,1,100,1.000000,20150630,20150715,20160714,20160715,20160718,1,1,2,2,0.100000,0.100000,j1608,SHFE,冶金焦炭1608,j1608,j,1,2016,8,500,1,500,1,100,1.000000,20150731,20150817,20160812,20160815,20160816,1,1,2,2,0.100000,0.100000,l1508,SHFE,线型低密度聚乙烯1508,l1508,l_f,1,2015,8,1000,1,1000,1,5,5.000000,20140731,20140815,20150814,20150817,20150818,1,1,2,1,0.000000,0.000000,l1509,SHFE,线型低密度聚乙烯1509,l1509,l,1,2015,9,1000,1,1000,1,5,5.000000,20140829,20140916,20150914,20150915,20150916,1,1,2,1,0.070000,0.070000,l1510,SHFE,线型低密度聚乙烯1510,l1510,l,1,2015,10,1000,1,1000,1,5,5.000000,20140930,20141022,20151021,20151022,20151023,1,1,2,1,0.070000,0.070000,
l1511,SHFE,线型低密度聚乙烯1511,l1511,l,1,2015,11,1000,1,1000,1,5,5.000000,20141031,20141117,20151113,20151116,20151117,1,1,2,1,0.070000,0.070000,l1512,SHFE,线型低密度聚乙烯1512,l1512,l,1,2015,12,1000,1,1000,1,5,5.000000,20141128,20141215,20151214,20151215,20151216,1,1,2,1,0.070000,0.070000,l1601,SHFE,线型低密度聚乙烯1601,l1601,l,1,2016,1,1000,1,1000,1,5,5.000000,20141231,20150119,20160114,20160115,20160118,1,1,2,1,0.070000,0.070000,l1602,SHFE,线型低密度聚乙烯1602,l1602,l,1,2016,2,1000,1,1000,1,5,5.000000,20150130,20150216,20160212,20160215,20160216,1,1,2,1,0.070000,0.070000,l1603,SHFE,线型低密度聚乙烯1603,l1603,l,1,2016,3,1000,1,1000,1,5,5.000000,20150227,20150316,20160314,20160315,20160316,1,1,2,1,0.070000,0.070000,l1604,SHFE,线型低密度聚乙烯1604,l1604,l,1,2016,4,1000,1,1000,1,5,5.000000,20150331,20150416,20160414,20160415,20160418,1,1,2,1,0.070000,0.070000,l1605,SHFE,线型低密度聚乙烯1605,l1605,l,1,2016,5,1000,1,1000,1,5,5.000000,20150430,20150518,20160513,20160516,20160517,1,1,2,1,0.070000,0.070000,l1606,SHFE,线型低密度聚乙烯1606,l1606,l,1,2016,6,1000,1,1000,1,5,5.000000,20150529,20150615,20160614,20160615,20160616,1,1,2,1,0.070000,0.070000,l1607,SHFE,线型低密度聚乙烯1607,l1607,l,1,2016,7,1000,1,1000,1,5,5.000000,20150630,20150715,20160714,20160715,20160718,1,1,2,1,0.070000,0.070000,l1608,SHFE,线型低密度聚乙烯1608,l1608,l,1,2016,8,1000,1,1000,1,5,5.000000,20150731,20150817,20160812,20160815,20160816,1,1,2,1,0.070000,0.070000,
m1508,SHFE,豆粕1508,m1508,m_f,1,2015,8,1000,1,1000,1,10,1.000000,20140731,20140815,20150814,20150817,20150820,1,1,2,1,0.000000,0.000000,m1509,SHFE,豆粕1509,m1509,m,1,2015,9,1000,1,1000,1,10,1.000000,20140829,20140916,20150914,20150915,20150918,1,1,2,1,0.250000,0.250000,m1511,SHFE,豆粕1511,m1511,m,1,2015,11,1000,1,1000,1,10,1.000000,20141031,20141117,20151113,20151116,20151119,1,1,2,1,0.050000,0.050000,m1512,SHFE,豆粕1512,m1512,m,1,2015,12,1000,1,1000,1,10,1.000000,20141128,20141215,20151214,20151215,20151218,1,1,2,1,0.050000,0.050000,m1601,SHFE,豆粕1601,m1601,m,1,2016,1,1000,1,1000,1,10,1.000000,20141231,20150119,20160114,20160115,20160120,1,1,2,1,0.050000,0.050000,
m1603,SHFE,豆粕1603,m1603,m,1,2016,3,1000,1,1000,1,10,1.000000,20150227,20150316,20160314,20160315,20160318,1,1,2,1,0.050000,0.050000,m1605,SHFE,豆粕1605,m1605,m,1,2016,5,1000,1,1000,1,10,1.000000,20150430,20150518,20160513,20160516,20160519,1,1,2,1,0.050000,0.050000,m1607,SHFE,豆粕1607,m1607,m,1,2016,7,1000,1,1000,1,10,1.000000,20150630,20150715,20160714,20160715,20160720,1,1,2,1,0.050000,0.050000,m1608,SHFE,豆粕1608,m1608,m,1,2016,8,1000,1,1000,1,10,1.000000,20150731,20150817,20160812,20160815,20160818,1,1,2,1,0.050000,0.050000,p1508,SHFE,棕榈油1508,p1508,p_f,1,2015,8,1000,1,1000,1,10,2.000000,20140731,20140815,20150814,20150817,20150818,1,1,2,1,0.000000,0.000000,
p1509,SHFE,棕榈油1509,p1509,p,1,2015,9,1000,1,1000,1,10,2.000000,20140829,20140916,20150914,20150915,20150916,1,1,2,1,0.070000,0.070000,p1510,SHFE,棕榈油1510,p1510,p,1,2015,10,1000,1,1000,1,10,2.000000,20140930,20141022,20151021,20151022,20151023,1,1,2,1,0.070000,0.070000,p1511,SHFE,棕榈油1511,p1511,p,1,2015,11,1000,1,1000,1,10,2.000000,20141031,20141117,20151113,20151116,20151117,1,1,2,1,0.070000,0.070000,
p1512,SHFE,棕榈油1512,p1512,p,1,2015,12,1000,1,1000,1,10,2.000000,20141128,20141215,20151214,20151215,20151216,1,1,2,1,0.070000,0.070000,p1601,SHFE,棕榈油1601,p1601,p,1,2016,1,1000,1,1000,1,10,2.000000,20141231,20150119,20160114,20160115,20160118,1,1,2,1,0.070000,0.070000,p1602,SHFE,棕榈油1602,p1602,p,1,2016,2,1000,1,1000,1,10,2.000000,20150130,20150216,20160212,20160215,20160216,1,1,2,1,0.070000,0.070000,p1603,SHFE,棕榈油1603,p1603,p,1,2016,3,1000,1,1000,1,10,2.000000,20150227,20150316,20160314,20160315,20160316,1,1,2,1,0.070000,0.070000,p1604,SHFE,棕榈油1604,p1604,p,1,2016,4,1000,1,1000,1,10,2.000000,20150331,20150416,20160414,20160415,20160418,1,1,2,1,0.070000,0.070000,p1605,SHFE,棕榈油1605,p1605,p,1,2016,5,1000,1,1000,1,10,2.000000,20150430,20150518,20160513,20160516,20160517,1,1,2,1,0.070000,0.070000,p1606,SHFE,棕榈油1606,p1606,p,1,2016,6,1000,1,1000,1,10,2.000000,20150529,20150615,20160614,20160615,20160616,1,1,2,1,0.070000,0.070000,p1607,SHFE,棕榈油1607,p1607,p,1,2016,7,1000,1,1000,1,10,2.000000,20150630,20150715,20160714,20160715,20160718,1,1,2,1,0.070000,0.070000,p1608,SHFE,棕榈油1608,p1608,p,1,2016,8,1000,1,1000,1,10,2.000000,20150731,20150817,20160812,20160815,20160816,1,1,2,1,0.070000,0.070000,pb1508,SHFE,铅1508,pb1508,pb_f,1,2015,8,500,1,500,1,25,5.000000,20140731,20140818,20150817,20150818,20150821,1,1,2,1,0.000000,0.000000,pb1509,SHFE,铅1509,pb1509,pb,1,2015,9,500,1,500,1,25,5.000000,20140831,20140916,20150915,20150916,20150921,1,1,2,1,0.150000,0.150000,
pb1510,SHFE,铅1510,pb1510,pb,1,2015,10,500,1,500,1,25,5.000000,20140930,20141016,20151015,20151016,20151021,1,1,2,1,0.100000,0.100000,pb1511,SHFE,铅1511,pb1511,pb,1,2015,11,500,1,500,1,25,5.000000,20141031,20141118,20151116,20151117,20151120,1,1,2,1,0.080000,0.080000,
pb1512,SHFE,铅1512,pb1512,pb,1,2015,12,500,1,500,1,25,5.000000,20141130,20141216,20151215,20151216,20151221,1,1,2,1,0.080000,0.080000,
pb1601,SHFE,铅1601,pb1601,pb,1,2016,1,500,1,500,1,25,5.000000,20141231,20150116,20160115,20160118,20160121,1,1,2,1,0.080000,0.080000,pb1602,SHFE,铅1602,pb1602,pb,1,2016,2,500,1,500,1,25,5.000000,20150131,20150217,20160215,20160216,20160219,1,1,2,1,0.080000,0.080000,pb1603,SHFE,铅1603,pb1603,pb,1,2016,3,500,1,500,1,25,5.000000,20150228,20150317,20160315,20160316,20160321,1,1,2,1,0.080000,0.080000,pb1604,SHFE,铅1604,pb1604,pb,1,2016,4,500,1,500,1,25,5.000000,20150331,20150416,20160415,20160418,20160421,1,1,2,1,0.080000,0.080000,pb1605,SHFE,铅1605,pb1605,pb,1,2016,5,500,1,500,1,25,5.000000,20150430,20150518,20160516,20160517,20160520,1,1,2,1,0.080000,0.080000,pb1606,SHFE,铅1606,pb1606,pb,1,2016,6,500,1,500,1,25,5.000000,20150531,20150616,20160615,20160616,20160621,1,1,2,1,0.080000,0.080000,pb1607,SHFE,铅1607,pb1607,pb,1,2016,7,500,1,500,1,25,5.000000,20150630,20150716,20160715,20160718,20160721,1,1,2,1,0.080000,0.080000,pb1608,SHFE,铅1608,pb1608,pb,1,2016,8,500,1,500,1,25,5.000000,20150731,20150818,20160815,20160816,20160819,1,1,2,1,0.080000,0.080000,rb1508,SHFE,螺纹钢1508,rb1508,rb_f,1,2015,8,500,1,500,1,10,1.000000,20140731,20140818,20150817,20150818,20150824,1,1,2,1,0.000000,0.000000,rb1509,SHFE,螺纹钢1509,rb1509,rb,1,2015,9,500,1,500,1,10,1.000000,20140829,20140916,20150915,20150916,20150922,1,1,2,1,0.100000,0.100000,rb1510,SHFE,螺纹钢1510,rb1510,rb,1,2015,10,500,1,500,1,10,1.000000,20140930,20141016,20151015,20151016,20151022,1,1,2,1,0.100000,0.100000,rb1511,SHFE,螺纹钢1511,rb1511,rb,1,2015,11,500,1,500,1,10,1.000000,20141031,20141118,20151116,20151117,20151123,1,1,2,1,0.120000,0.120000,rb1512,SHFE,螺纹钢1512,rb1512,rb,1,2015,12,500,1,500,1,10,1.000000,20141128,20141216,20151215,20151216,20151222,1,1,2,1,0.120000,0.120000,
rb1601,SHFE,螺纹钢1601,rb1601,rb,1,2016,1,500,1,500,1,10,1.000000,20141231,20150116,20160115,20160118,20160122,1,1,2,1,0.120000,0.120000,rb1602,SHFE,螺纹钢1602,rb1602,rb,1,2016,2,500,1,500,1,10,1.000000,20150130,20150217,20160215,20160216,20160222,1,1,2,1,0.120000,0.120000,rb1603,SHFE,螺纹钢1603,rb1603,rb,1,2016,3,500,1,500,1,10,1.000000,20150227,20150317,20160315,20160316,20160322,1,1,2,1,0.120000,0.120000,rb1604,SHFE,螺纹钢1604,rb1604,rb,1,2016,4,500,1,500,1,10,1.000000,20150331,20150416,20160415,20160418,20160422,1,1,2,1,0.120000,0.120000,rb1605,SHFE,螺纹钢1605,rb1605,rb,1,2016,5,500,1,500,1,10,1.000000,20150430,20150518,20160516,20160517,20160523,1,1,2,1,0.120000,0.120000,rb1606,SHFE,螺纹钢1606,rb1606,rb,1,2016,6,500,1,500,1,10,1.000000,20150529,20150616,20160615,20160616,20160622,1,1,2,1,0.120000,0.120000,rb1607,SHFE,螺纹钢1607,rb1607,rb,1,2016,7,500,1,500,1,10,1.000000,20150630,20150716,20160715,20160718,20160722,1,1,2,1,0.120000,0.120000,rb1608,SHFE,螺纹钢1608,rb1608,rb,1,2016,8,500,1,500,1,10,1.000000,20150731,20150818,20160815,20160816,20160822,1,1,2,1,0.120000,0.120000,
ru1508,SHFE,ru1508,ru1508,ru_f,1,2015,8,500,1,500,1,10,5.000000,20140731,20140818,20150817,20150818,20150821,1,1,2,1,0.000000,0.000000,ru1509,SHFE,ru1509,ru1509,ru,1,2015,9,500,1,500,1,10,5.000000,20140831,20140916,20150915,20150916,20150921,1,1,2,1,0.200000,0.200000,ru1510,SHFE,ru1510,ru1510,ru,1,2015,10,500,1,500,1,10,5.000000,20140930,20141016,20151015,20151016,20151021,1,1,2,1,0.100000,0.100000,ru1511,SHFE,ru1511,ru1511,ru,1,2015,11,500,1,500,1,10,5.000000,20141031,20141118,20151116,20151117,20151120,1,1,2,1,0.080000,0.080000,ru1601,SHFE,ru1601,ru1601,ru,1,2016,1,500,1,500,1,10,5.000000,20141231,20150116,20160115,20160118,20160121,1,1,2,1,0.080000,0.080000,ru1603,SHFE,ru1603,ru1603,ru,1,2016,3,500,1,500,1,10,5.000000,20150228,20150317,20160315,20160316,20160321,1,1,2,1,0.080000,0.080000,ru1604,SHFE,ru1604,ru1604,ru,1,2016,4,500,1,500,1,10,5.000000,20150331,20150416,20160415,20160418,20160421,1,1,2,1,0.080000,0.080000,
ru1605,SHFE,ru1605,ru1605,ru,1,2016,5,500,1,500,1,10,5.000000,20150430,20150518,20160516,20160517,20160520,1,1,2,1,0.080000,0.080000,ru1606,SHFE,ru1606,ru1606,ru,1,2016,6,500,1,500,1,10,5.000000,20150531,20150616,20160615,20160616,20160621,1,1,2,1,0.080000,0.080000,ru1607,SHFE,ru1607,ru1607,ru,1,2016,7,500,1,500,1,10,5.000000,20150630,20150716,20160715,20160718,20160721,1,1,2,1,0.080000,0.080000,ru1608,SHFE,ru1608,ru1608,ru,1,2016,8,500,1,500,1,10,5.000000,20150731,20150818,20160815,20160816,20160819,1,1,2,1,0.080000,0.080000,v1508,SHFE,聚氯乙烯1508,v1508,v_f,1,2015,8,1000,1,1000,1,5,5.000000,20140731,20140815,20150814,20150817,20150818,1,1,2,1,0.000000,0.000000,v1509,SHFE,聚氯乙烯1509,v1509,v,1,2015,9,1000,1,1000,1,5,5.000000,20140829,20140916,20150914,20150915,20150916,1,1,2,1,0.070000,0.070000,v1510,SHFE,聚氯乙烯1510,v1510,v,1,2015,10,1000,1,1000,1,5,5.000000,20140930,20141022,20151021,20151022,20151023,1,1,2,1,0.070000,0.070000,v1511,SHFE,聚氯乙烯1511,v1511,v,1,2015,11,1000,1,1000,1,5,5.000000,20141031,20141117,20151113,20151116,20151117,1,1,2,1,0.070000,0.070000,v1512,SHFE,聚氯乙烯1512,v1512,v,1,2015,12,1000,1,1000,1,5,5.000000,20141128,20141215,20151214,20151215,20151216,1,1,2,1,0.070000,0.070000,v1601,SHFE,聚氯乙烯1601,v1601,v,1,2016,1,1000,1,1000,1,5,5.000000,20141231,20150119,20160114,20160115,20160118,1,1,2,1,0.070000,0.070000,
v1602,SHFE,聚氯乙烯1602,v1602,v,1,2016,2,1000,1,1000,1,5,5.000000,20150130,20150216,20160212,20160215,20160216,1,1,2,1,0.070000,0.070000,
v1603,SHFE,聚氯乙烯1603,v1603,v,1,2016,3,1000,1,1000,1,5,5.000000,20150227,20150316,20160314,20160315,20160316,1,1,2,1,0.070000,0.070000,v1604,SHFE,聚氯乙烯1604,v1604,v,1,2016,4,1000,1,1000,1,5,5.000000,20150331,20150416,20160414,20160415,20160418,1,1,2,1,0.070000,0.070000,v1605,SHFE,聚氯乙烯1605,v1605,v,1,2016,5,1000,1,1000,1,5,5.000000,20150430,20150518,20160513,20160516,20160517,1,1,2,1,0.070000,0.070000,v1606,SHFE,聚氯乙烯1606,v1606,v,1,2016,6,1000,1,1000,1,5,5.000000,20150529,20150615,20160614,20160615,20160616,1,1,2,1,0.070000,0.070000,v1607,SHFE,聚氯乙烯1607,v1607,v,1,2016,7,1000,1,1000,1,5,5.000000,20150630,20150715,20160714,20160715,20160718,1,1,2,1,0.070000,0.070000,
v1608,SHFE,聚氯乙烯1608,v1608,v,1,2016,8,1000,1,1000,1,5,5.000000,20150731,20150817,20160812,20160815,20160816,1,1,2,1,0.070000,0.070000,wr1508,SHFE,线材1508,wr1508,wr_f,1,2015,8,500,1,500,1,10,1.000000,20140731,20140818,20150817,20150818,20150824,1,1,2,1,0.000000,0.000000,
wr1509,SHFE,线材1509,wr1509,wr,1,2015,9,500,1,500,1,10,1.000000,20140829,20140916,20150915,20150916,20150922,1,1,2,1,0.150000,0.150000,wr1510,SHFE,线材1510,wr1510,wr,1,2015,10,500,1,500,1,10,1.000000,20140930,20141016,20151015,20151016,20151022,1,1,2,1,0.080000,0.080000,wr1511,SHFE,线材1511,wr1511,wr,1,2015,11,500,1,500,1,10,1.000000,20141031,20141118,20151116,20151117,20151123,1,1,2,1,0.080000,0.080000,wr1512,SHFE,线材1512,wr1512,wr,1,2015,12,500,1,500,1,10,1.000000,20141128,20141216,20151215,20151216,20151222,1,1,2,1,0.080000,0.080000,wr1601,SHFE,线材1601,wr1601,wr,1,2016,1,500,1,500,1,10,1.000000,20141231,20150116,20160115,20160118,20160122,1,1,2,1,0.080000,0.080000,wr1602,SHFE,线材1602,wr1602,wr,1,2016,2,500,1,500,1,10,1.000000,20150130,20150217,20160215,20160216,20160222,1,1,2,1,0.080000,0.080000,wr1603,SHFE,线材1603,wr1603,wr,1,2016,3,500,1,500,1,10,1.000000,20150227,20150317,20160315,20160316,20160322,1,1,2,1,0.080000,0.080000,wr1604,SHFE,线材1604,wr1604,wr,1,2016,4,500,1,500,1,10,1.000000,20150331,20150416,20160415,20160418,20160422,1,1,2,1,0.080000,0.080000,wr1605,SHFE,线材1605,wr1605,wr,1,2016,5,500,1,500,1,10,1.000000,20150430,20150518,20160516,20160517,20160523,1,1,2,1,0.080000,0.080000,wr1606,SHFE,线材1606,wr1606,wr,1,2016,6,500,1,500,1,10,1.000000,20150529,20150616,20160615,20160616,20160622,1,1,2,1,0.080000,0.080000,
wr1607,SHFE,线材1607,wr1607,wr,1,2016,7,500,1,500,1,10,1.000000,20150630,20150716,20160715,20160718,20160722,1,1,2,1,0.080000,0.080000,wr1608,SHFE,线材1608,wr1608,wr,1,2016,8,500,1,500,1,10,1.000000,20150731,20150818,20160815,20160816,20160822,1,1,2,1,0.080000,0.080000,y1508,SHFE,豆油1508,y1508,y_f,1,2015,8,1000,1,1000,1,10,2.000000,20140731,20140815,20150814,20150817,20150819,1,1,2,1,0.000000,0.000000,y1509,SHFE,豆油1509,y1509,y,1,2015,9,1000,1,1000,1,10,2.000000,20140829,20140916,20150914,20150915,20150917,1,1,2,1,0.050000,0.050000,y1511,SHFE,豆油1511,y1511,y,1,2015,11,1000,1,1000,1,10,2.000000,20141031,20141117,20151113,20151116,20151118,1,1,2,1,0.050000,0.050000,y1512,SHFE,豆油1512,y1512,y,1,2015,12,1000,1,1000,1,10,2.000000,20141128,20141215,20151214,20151215,20151217,1,1,2,1,0.050000,0.050000,y1601,SHFE,豆油1601,y1601,y,1,2016,1,1000,1,1000,1,10,2.000000,20141231,20150119,20160114,20160115,20160119,1,1,2,1,0.050000,0.050000,y1603,SHFE,豆油1603,y1603,y,1,2016,3,1000,1,1000,1,10,2.000000,20150227,20150316,20160314,20160315,20160317,1,1,2,1,0.050000,0.050000,y1605,SHFE,豆油1605,y1605,y,1,2016,5,1000,1,1000,1,10,2.000000,20150430,20150518,20160513,20160516,20160518,1,1,2,1,0.050000,0.050000,y1607,SHFE,豆油1607,y1607,y,1,2016,7,1000,1,1000,1,10,2.000000,20150630,20150715,20160714,20160715,20160719,1,1,2,1,0.050000,0.050000,y1608,SHFE,豆油1608,y1608,y,1,2016,8,1000,1,1000,1,10,2.000000,20150731,20150817,20160812,20160815,20160817,1,1,2,1,0.050000,0.050000,zn1508,SHFE,zn1508,zn1508,zn_f,1,2015,8,500,5,500,5,5,5.000000,20140731,20140818,20150817,20150818,20150821,1,1,2,1,0.000000,0.000000,zn1509,SHFE,zn1509,zn1509,zn,1,2015,9,500,1,500,1,5,5.000000,20140831,20140916,20150915,20150916,20150921,1,1,2,1,0.150000,0.150000,zn1510,SHFE,zn1510,zn1510,zn,1,2015,10,500,1,500,1,5,5.000000,20140930,20141016,20151015,20151016,20151021,1,1,2,1,0.100000,0.100000,
zn1511,SHFE,zn1511,zn1511,zn,1,2015,11,500,1,500,1,5,5.000000,20141031,20141118,20151116,20151117,20151120,1,1,2,1,0.100000,0.100000,zn1512,SHFE,zn1512,zn1512,zn,1,2015,12,500,1,500,1,5,5.000000,20141130,20141216,20151215,20151216,20151221,1,1,2,1,0.100000,0.100000,zn1601,SHFE,zn1601,zn1601,zn,1,2016,1,500,1,500,1,5,5.000000,20141231,20150116,20160115,20160118,20160121,1,1,2,1,0.100000,0.100000,zn1602,SHFE,zn1602,zn1602,zn,1,2016,2,500,1,500,1,5,5.000000,20150131,20150217,20160215,20160216,20160219,1,1,2,1,0.100000,0.100000,
zn1603,SHFE,zn1603,zn1603,zn,1,2016,3,500,1,500,1,5,5.000000,20150228,20150317,20160315,20160316,20160321,1,1,2,1,0.100000,0.100000,
zn1604,SHFE,zn1604,zn1604,zn,1,2016,4,500,1,500,1,5,5.000000,20150331,20150416,20160415,20160418,20160421,1,1,2,1,0.100000,0.100000,zn1605,SHFE,zn1605,zn1605,zn,1,2016,5,500,1,500,1,5,5.000000,20150430,20150518,20160516,20160517,20160520,1,1,2,1,0.100000,0.100000,zn1606,SHFE,zn1606,zn1606,zn,1,2016,6,500,1,500,1,5,5.000000,20150531,20150616,20160615,20160616,20160621,1,1,2,1,0.100000,0.100000,zn1607,SHFE,zn1607,zn1607,zn,1,2016,7,500,1,500,1,5,5.000000,20150630,20150716,20160715,20160718,20160721,1,1,2,1,0.100000,0.100000,zn1608,SHFE,zn1608,zn1608,zn,1,2016,8,500,1,500,1,5,5.000000,20150731,20150818,20160815,20160816,20160819,1,1,2,1,0.100000,0.100000,